"std",AAAAAAAAAAAAAAAAAAAA,AAAAAAAAAA,AAAAAAAAAAAAAAAAAAAAAAAAAAAAAAAAAAAAAAAAAAAAAAAAAAAAAAAAAAAAAAAAAAAAAAAAAAAAAAAAAAAAAAAAAAAAAAAAAAAA,300
"xcr",AAAAAAAAAAAAAAAAAAAA,AAAAAAAAAA,AAAAAAAAAAAAAAAAAAAAAAAAAAAAAAAAAAAAAAAAAAAAAAAAAAAAAAAAAAAAAAAAAAAAAAAAAAAAAAAAAAAAAAAAAAAAAAAAAAAA,300
"zjc",AAAAAAAAAAAAAAAAAAAA,AAATAAAAAA,AAAWWWWWAAWAAWWWWWWWWWWWAAWWWWWWWWWWWWWWWWWWWWWWWWWWAWWWAWWWAAWWAWWAAAWAAWWWAAWWWAAAAAAAWWWWWAAWWWAW,221
"tyq",AAAAAAAAAAAAAAAAAAAA,AAAAAAAAAA,AWAWWWWWWWWWWWWWWWWWWWWWWWWWWWWWWWWWWWWWWWWWWWWWWWWWWWWWWWWWAAWWWWWWAAWWAWWWWAWWWWAAAAAAWWWWWWWWWWWW,214
"ljt",AAAAAAAAAAAAAAAAAAAA,AAAAAAAAAA,AAWWWWWWWWWWWWWWWWWWWWWWWWWWWWWWWWWWWWWWWWWWWWWWWWWWAWWWWWWWWWWWWWWAWWWWWWWWWWWWWWWWWWWWWWWWWWWWWWWW,204
"6A03",AAAAAAAAAAAAAAAAAAAA,AAAAAAAAAA,AWWWWWWWWWWWWWWWWWWWWWWWWWWWWWWWWWWWWWWWWWWWWWWWWWWWWWWWWWWWWWWWWWWWWWWWWWWWWWWWWWWWWWWWWWWWWWWWWWWW,201
"xpd",AAAAAAAAAAAAAAAAAAAA,AAATAAAAAA,WAWWWWWWWWWWWWWWWWWWWWWWWWWWWWWWWWWWWWWWWWWWWWWWWWWWAWWWWWWWWWWWAWWAWWWWWWWWWWWWWWWWWWWWWWWWWWAWWWWW,195
"mew",AAAAAAAAAAAAAAAAAAAA,AAABAAAAAA,AWWWWWWWWWWWWWWWWWWWWWWWWWWWWWWWWWWWWWWWWWWWWWWWWWWWWWWWWWWWWWWWWWWWWWWWWWWWWWWWWWWWWWWWWWWWWWWWWWWW,191
"zjr",AAAAAAAAAAAAAAAAAAAA,AAWWAWAWWW,AAAWWWWWWWWWWWWWWWWWWWWWWWWWWWWWWWWWWWWWWWWWWWWWWAWWAWWWWWWWAAWWAWWAAAWWAWWWWAWWWAAAAAAAWWWWWAAWWWWW,162
"hs",WWWAAWWAWAAWWWAWWAAA,AAATAAAAAA,AAAWWWWWWWWWWWWWWWWWWWWWWWWWWWWWWWWWWWWWWWWWWWWWWWWWAWWWWWWWAAWWAWWAAAWWAWWWWAWWWAAAAAAAWWWWWAAWWWWW,156
"hyy16",AAAAAAAAAAAAAAAAAAAA,AAWTAWWWWW,AAAWWWWWWWWWWWWWWWWWWWWWWWWWWWWWWWWWWWWWWWWWWWWWWWWWAWWWWWWWAAWWAWWAWWWWWWWWWAWWWAAAAAAAWWWWWWAWWWWW,147
"hzg",AAAAAAAAAAAAAAAAAAAA,AATTATTTTT,????????????????????????????????????????????????????????????????????????????????????????????????????,130
"wzk",AAAAAAAAAAAAAAAAAAAA,AABTABBBBT,WWWWWWWWWWWWWWWWWWWWWWWWWWWWWWWWWWWWWWWWWWWWWWWWWWWWWWWWWWWWWWWWWWWWWWWWWWWWWWWWWWWWWWWWWWWWWWWWWWWW,130
"Juruo-BR",AAAAAAAAAAAAAAAAAAAA,WAWWAWWWWW,AWWWWWWWWWWWWWWWWWWWWWWWWWWWWWWWWWWWWWWWWWWWWWWWWWWWWWWWWWWWWWWWWWWWWWWWWWWWWWWWWWWWWWWWWWWWWWWWWWWW,121
"xm45",AAAAAWAAAAWAAAAAAAWA,AAWWAWWWWW,WWWWWWWWWWWWWWWWWWWWWWWWWWWWWWWWWWWWWWWWWWWWWWWWWWWWWWWWWWWWWWWWWWWWWWWWWWWWWWWWWWWWWWWWWWWWWWWWWWWW,115
"lwh",AAAAAAAAAAAAAAAAAAAA,??????????,AAAWWWWWWWWWWWWWWWWWWWWWWWWWWWWWWWWWWWWWWWWWWWWWWWWWAWWWWWWWAAWWAWWAAAWWWWWWWAWWWAAAAAAAWWWWWWAWWWWW,119
"txh.wind",AAAAAAAAAAAAAAAAAAAA,WWWWAWWWWW,AAWWWWWWWWWWWWWWWWWWWWWWWWWWWWWWWWWWWWWWWWWWWWWWWWWWAWWWWWWWWWWWAWWAWWWWWWWWWAWWWAWWAWWWWWWWWWAWWWWW,119
"Strayer",AAAAAAAAAAAAAAAAAAAA,??????????,AAAWWWWWWWWWWWWWWWWWWWWWWWWWWWWWWWWWWWWWWWWWWWWWWAWWAWWWWWWWTAWWAWWAAAWWWWWWWTWWWAAAAAAAWWWWWWATTWWW,118
"ZYY",AAAAAAAAAAAAAAAAAAAA,WAWWWWWWWW,AAWWWWWWWWWWWWWWWWWWWWWWWWWWWWWWWWWWWWWWWWWWWWWWWWWWAWWWWWWWWWWWAWWAWWWWWWWWWAWWWWWWAWWWWWWWWWAWWWWW,118
"wly",AAAAAAAAAAAAAAAAAAAA,WAWWWWWWWW,WWWWWWWWWWWWWWWWWWWWWWWWWWWWWWWWWWWWWWWWWWWWWWWWWWWWWWWWWWWWWWWWWWWWWWWWWWWWWAWWWWWAAAWWWWWWWWWWWWWW,114
"hza",AAAAAAAAAAAAAAAAAAAA,WWWWAWWWWW,AWWWWWWWWWWWWWWWWWWWWWWWWWWWWWWWWWWWWWWWWWWWWWWWWWWWWWWWWWWWWWWWWWWWWWWWWWWWWAWWWWWWAWWWWWWWWWWWWWWW,113
"wx",AAAAAAAAAAAAAAAAAAAA,WWWWAWWWWW,AWWWWWWWWWWWWWWWWWWWWWWWWWWWWWWWWWWWWWWWWWWWWWWWWWWWWWWWWWWWWWWWWWWWWWWWWWWWWAWWWWWWAWWWWWWWWWWWWWWW,113
"hanyuwei70",AAAAAAAAAAAAAAAAAAAA,WATBWTTTTT,----------------------------------------------------------------------------------------------------,110
"zwx",AAAAAAAAAAAAAAAAAAAA,WWWWAWWWWW,????????????????????????????????????????????????????????????????????????????????????????????????????,110
"wym",AAAAAAAAAAAAAAAAAAAA,??????????,AAWWWWWWWWWWWWWWWWWWWWWWWWWWWWWWWWWWWWWWWWWWWWWWWWWWAWWWWWWWWWWWAWWAWWWWWWWWWAWWWWWWAWWWWWWWWWAWWWWW,108
"Cxm",AAAAAAAAAAAAAAAAAAAA,??????????,AWWWWWWWWWWWWWWWWWWWWWWWWWWWWWWWWWWWWWWWWWWWWWWWWWWWWWWWWWWWWWWWWWWWWWWWWWWWWWWWWWWWWWWWWWWWWWWWWWWW,101
"wzj",AAAAAAAAAAAAAAAAAAAA,??????????,AWWWWWWWWWWWWWWWWWWWWWWWWWWWWWWWWWWWWWWWWWWWWWWWWWWWWWWWWWWWWWWWWWWWWWWWWWWWWWWWWWWWWWWWWWWWWWWWWWWW,101
"awc",AAAAAAAAAAAAAAAAAAAA,??????????,????????????????????????????????????????????????????????????????????????????????????????????????????,100
"csq",AAAAAAAAAAAAAAAAAAAA,??????????,????????????????????????????????????????????????????????????????????????????????????????????????????,100
"SatoshiTS_1.0",AAAAAAAAAAAAAAAAAAAA,WWWWWWWWWW,WWWWWWWWWWWWWWWWWWWWWWWWWWWWWWWWWWWWWWWWWWWWWWWWWWWWWWWWWWWWWWWWWWWWWWWWWWWWWWWWWWWWWWWWWWWWWWWWWWWW,100
"xyq",AAAAAAAAAAAAAAAAAAAA,WWWWWWWWWW,????????????????????????????????????????????????????????????????????????????????????????????????????,100
"yjk",AAAAAAAAAAAAAAAAAAAA,??????????,????????????????????????????????????????????????????????????????????????????????????????????????????,100
"kevin10_2",AAAWAWAAWAWAAAWAAAWA,??????????,????????????????????????????????????????????????????????????????????????????????????????????????????,70
"wml",WWWAAWWAWAAWWWAWWAAA,WABBWWWWWB,????????????????????????????????????????????????????????????????????????????????????????????????????,55
"xsy",WWWWWWWWAWAWWWWWWAWW,WAWWAWWWWW,????????????????????????????????????????????????????????????????????????????????????????????????????,35

"R=无法运行
T=超时
M=超内存
Y=运行时错误
B=崩溃
A=正确
W=错误的答案
P=得部分分
*=程序无输出
[=缺标准输入
]=无标准输出
?=无程序
^=自定义评测错误
-=编译错误"
